"ch99_code","rate","authority","country_type","countries","general_raw","other_raw","description"
"9903.04.05","2","other","all","","200%","200%","In original loaves (provided for in subheading 0406.40.44, 0406.40.54, or 0406.40.70)"
"9903.04.10","2","other","all","","200%","200%","Other (provided for in subheading 0406.20.15, 0406.20.24, 0406.20.28, 0406.30.05, 0406.30.14, 0406.30.18, 0406.40.48, 0406.40.58, or 0406.40.70)"
"9903.04.15","2","other","all","","200%","200%","Edam and Gouda cheeses (provided for in subheading 0406.20.44, 0406.20.48, 0406.30.44, 0406.30.48, 0406.90.16 or 0406.90.18)"
"9903.04.20","2","other","all","","200%","200%","Cheeses and substitutes for cheeses, valued over 11.3Â¢ per kg, containing, or processed from, Italian-type cheeses, made from cow's milk, not in original loaves (Romano made from cow's milk, Reggiano"
"9903.04.25","2","other","all","","200%","200%","Endive, including Whitloof chicory, fresh, chilled, or frozen, not reduced in size nor otherwise prepared or preserved (provided for in subheading 0705.21 or 0705.29)"
"9903.04.30","2","other","all","","200%","200%","Olives, prepared or preserved, in brine, not ripe and not pitted or stuffed, not green in color and not packed in airtight containers of glass, metal, or glass and metal (provided for in subheading 20"
"9903.04.35","2","other","all","","200%","200%","Pork hams and shoulders, boned and cooked, packed in airtight containers holding less than 1.4 kg (provided for in subheading 1602.41.20 or 1602.42.20)"
"9903.04.40","2","other","all","","200%","200%","Carrots (whether or not reduced in size), prepared or preserved, but not packed in salt, not in brine, nor pickled, in airtight containers (provided for in subheading 2005.99.10)"
"9903.04.45","2","other","all","","200%","200%","White still wines produced from grapes, containing not over 14 percent of alcohol by volume, in containers each holding not over 3.8 liters, valued over $1.05 per liter (provided for in subheading 220"
"9903.04.50","2","other","all","","200%","200%","Brandy (other than pisco, singani and slivowitz), in containers each holding not over 3.8 liters, valued over $3.43 per liter (provided for in subheading 2208.20.40 or 2208.90.30)"
"9903.04.55","2","other","all","","200%","200%","Gin, in containers each holding not over 3.8 liters (provided for in subheading 2208.50)"
"9903.08.04","1","other","all","","100%","","Bath preparations, other than bath salts (provided for in subheading 3307.30.50)"
"9903.08.07","1","other","all","","100%","","Handbags, whether or not with shoulder strap, including those without handle, with outer surface of sheeting of plastic (provided for in subheading 4202.22.15)"
"9903.08.08","1","other","all","","100%","","Articles of a kind normally carried in the pocket or in the handbag, with outer surface of sheeting of plastic, of reinforced or laminated plastics (provided for in subheading 4202.32.10)"
"9903.08.09","1","other","all","","100%","","Uncoated felt paper and paperboard in rolls or sheets (provided for in subheading 4805.50)"
"9903.08.10","1","other","all","","100%","","Folding cartons, boxes and cases, of noncorrugated paper or paperboard (provided for in subheading 4819.20)"
"9903.08.11","1","other","all","","100%","","Lithographs on paper or paperboard, not over 0.51 mm in thickness, printed not over 20 years at time of importation (provided for in subheading 4911.91.20)"
"9903.08.13","1","other","all","","100%","","Bed linen, other than knit or crocheted, printed, of cotton, other than containing any embroidery, lace, braid, edging, trimming, piping or applique work, not napped (provided for in subheading 6302.2"
"9903.08.14","1","other","all","","100%","","Lead-acid storage batteries, other than of a kind used for starting piston engines or as the primary source of electrical power for electrically powered vehicles of subheading 8703.80.00 and 8703.90.0"
"9903.08.15","1","other","all","","100%","","Electrothermic coffee or tea makers, of a kind used for domestic purposes (provided for in subheading 8516.71)"
"9903.17.01",,"other","all","","","","Eligible to be imported under the first quota period specified in a notice issued by the United States Trade Representative in any 12 month period commencing on October 1 in any year"
"9903.17.02",,"other","all","","","","Eligible to be imported under the second quota period specified in a notice issued by the United States Trade Representative in any 12 month period commencing on October 1 in any year"
"9903.17.03",,"other","all","","","","Eligible to be imported under the third quota period specified in a notice issued by the United States Trade Representative in any 12 month period commencing on October 1 in any year"
"9903.17.04",,"other","all","","","","Eligible to be imported under the fourth quota period specified in a notice issued by the United States Trade Representative in any 12 month period commencing on October 1 in any year"
"9903.17.05",,"other","all","","","","Eligible to be imported under the fifth quota period specified in a notice issued by the United States Trade Representative in any 12 month period commencing on October 1 in any year"
"9903.17.06",,"other","all","","","","Eligible to be imported under the sixth quota period specified in a notice issued by the United States Trade Representative in any 12 month period commencing on October 1 in any year"
"9903.17.07",,"other","all","","","","Eligible to be imported under the seven quota period specified in a notice issued by the United States Trade Representative in any 12 month period commencing on October 1 in any year"
"9903.17.08",,"other","all","","","","Eligible to be imported under the eighth quota period specified in a notice issued by the United States Trade Representative in any 12 month period commencing on October 1 in any year"
"9903.17.09",,"other","all","","","","Eligible to be imported under the ninth quota period specified in a notice issued by the United States Trade Representative in any 12 month period commencing on October 1 in any year"
"9903.17.10",,"other","all","","","","Eligible to be imported under the tenth quota period specified in a notice issued by the United States Trade Representative in any 12 month period commencing on October 1 in any year"
"9903.17.21",,"other","all","","","","Eligible to be imported under the first quota period specified in a notice issued by the United States Trade Representative in any 12 month period commencing on October 1 in any year"
"9903.17.22",,"other","all","","","","Eligible to be imported under the second quota period specified in a notice issued by the United States Trade Representative in any 12 month period commencing on October 1 in any year"
"9903.17.23",,"other","all","","","","Eligible to be imported under the third quota period specified in a notice issued by the United States Trade Representative in any 12 month period commencing on October 1 in any year"
"9903.17.24",,"other","all","","","","Eligible to be imported under the fourth quota period specified in a notice issued by the United States Trade Representative in any 12 month period commencing on October 1 in any year"
"9903.17.25",,"other","all","","","","Eligible to be imported under the fifth quota period specified in a notice issued by the United States Trade Representative in any 12 month period commencing on October 1 in any year"
"9903.17.26",,"other","all","","","","Eligible to be imported under the sixth quota period specified in a notice issued by the United States Trade Representative in any 12 month period commencing on October 1 in any year"
"9903.17.27",,"other","all","","","","Eligible to be imported under the seventh quota period specified in a notice issued by the United States Trade Representative in any 12 month period commencing on October 1 in any year"
"9903.17.28",,"other","all","","","","Eligible to be imported under the eighth quota period specified in a notice issued by the United States Trade Representative in any 12 month period commencing on October 1 in any year"
"9903.17.29",,"other","all","","","","Eligible to be imported under the ninth quota period specified in a notice issued by the United States Trade Representative in any 12 month period commencing on October 1 in any year"
"9903.17.30",,"other","all","","","","Eligible to be imported under the tenth quota period specified in a notice issued by the United States Trade Representative in any 12 month period commencing on October 1 in any year"
"9903.17.31",,"other","all","","","","Eligible to be imported under the eleventh quota period specified in a notice issued by the United States Trade Representative in any 12 month period commencing on October 1 in any year"
"9903.17.32",,"other","all","","","","Eligible to be imported under the twelfth quota period specified in a notice issued by the United States Trade Representative in any 12 month period commencing on October 1 in any year"
"9903.17.33",,"other","all","","","","Eligible to be imported under the thirteenth quota period specified in a notice issued by the United States Trade Representative in any 12 month period commencing on October 1 in any year"
"9903.18.01",,"other","all","","","","Eligible to be imported under the first quota period specified in a notice issued by the United States Trade Representative in any 12 month period commencing on October 1 in any year"
"9903.18.02",,"other","all","","","","Eligible to be imported under the second quota period specified in a notice issued by the United States Trade Representative in any 12 month period commencing on October 1 in any year"
"9903.18.03",,"other","all","","","","Eligible to be imported under the third quota period specified in a notice issued by the United States Trade Representative in any 12 month period commencing on October 1 in any year"
"9903.18.04",,"other","all","","","","Eligible to be imported under the fourth quota period specified in a notice issued by the United States Trade Representative in any 12 month period commencing on October 1 in any year"
"9903.18.05",,"other","all","","","","Eligible to be imported under the fifth quota period specified in a notice issued by the United States Trade Representative in any 12 month period commencing on October 1 in any year"
"9903.18.06",,"other","all","","","","Eligible to be imported under the sixth quota period specified in a notice issued by the United States Trade Representative in any 12 month period commencing on October 1 in any year"
"9903.18.07",,"other","all","","","","Eligible to be imported under the seventh quota period specified in a notice issued by the United States Trade Representative in any 12 month period commencing on October 1 in any year"
"9903.18.08",,"other","all","","","","Eligible to be imported under the eighth quota period specified in a notice issued by the United States Trade Representative in any 12 month period commencing on October 1 in any year"
"9903.18.09",,"other","all","","","","Eligible to be imported under the ninth quota period specified in a notice issued by the United States Trade Representative in any 12 month period commencing on October 1 in any year"
"9903.18.10",,"other","all","","","","Eligible to be imported under the tenth quota period specified in a notice issued by the United States Trade Representative in any 12 month period commencing on October 1 in any year"
"9903.19.19",,"other","all","","Free","No change","Provided for in subheading 1901.10.16, 1901.10.26, 1901.10.36 or 1901.10.44"
"9903.19.20",,"other","all","","Free","No change","Provided for in subheading 1901.10.29 or 1901.10.49"
"9903.19.21",,"other","all","","Free","No change","Provided for in subheading 2106.90.97"
"9903.19.22",,"other","all","","Free","No change","Provided for in subheading 2106.90.99"
"9903.19.23",,"other","all","","Free","No change","Provided for in subheading 1901.90.62 [Compiler's note: Subheading was enacted; expired at the close of Dec. 31, 2022]"
"9903.27.01","1","other","all","","100%","","Distillate and residual fuel oils (including blended fuel oils) and wastes of distillate and residual fuel oils (whether or not blended) (provided for in subheading 2710.19.06, 2710.19.11, 2710.20.05,"
"9903.27.02","1","other","all","","100%","","Rare gases, other than argon (provided for in subheading 2804.29.00)"
"9903.27.03","1","other","all","","100%","","Germanium oxides and zirconium dioxide (provided for in subheading 2825.60.00)"
"9903.27.04","1","other","all","","100%","","Carbides of silicon (provided for in subheading 2849.20.10 or 2849.20.20)"
"9903.27.05","1","other","all","","100%","","Other mineral or chemical fertilizers, containing nitrates and phosphates (provided for in subheading 3105.51.00)"
"9903.27.06","1","other","all","","100%","","Pigments and preparations based on titanium dioxide (provided for in subheading 3206.11.00 or 3206.19.00)"
"9903.27.07","1","other","all","","100%","","Other uncoated, unbleached kraft paper and paperboard, in rolls or sheets, weighing 225 g/m2 or more (provided for in subheading 4804.51.00)"
"9903.27.08","1","other","all","","100%","","Other footwear with outer soles of rubber, plastics or composition leather and uppers of leather (provided for in subheading 6403.99.60, 6403.99.75 or 6403.99.90)"
"9903.27.09","1","other","all","","100%","","Other footwear with outer soles of rubber or plastics and uppers of textile materials, with open toes or open heels, or of the slip-on type (provided for in subheading 6404.19.35)"
"9903.27.10","1","other","all","","100%","","Diamonds, unsorted (provided for in subheading 7102.10.00)"
"9903.27.11","1","other","all","","100%","","Diamonds, nonindustrial (provided for in subheading 7102.31.00 or 7102.39.00)"
"9903.27.12","1","other","all","","100%","","Catalysts in the form of wire cloth or grill, of platinum (provided for in subheading 7115.10.00)"
"9903.27.13","1","other","all","","100%","","Unrefined copper; copper anodes for electrolytic refining (provided for in heading 7402.00.00)"
"9903.27.14","1","other","all","","100%","","Other unwrought aluminum alloys (provided for in subheading 7601.20.90)"
"9903.27.15","1","other","all","","100%","","Other refrigerating or freezing equipment; heat pumps (provided for in subheading 8418.69.00)"
"9903.40.05","0.25","section_201","all","","25%","","Radial tires of a kind used on motor cars (other than racing cars), station wagons, sport utility vehicles, vans and on-the-highway light trucks (provided for in subheading 4011.10.10 or 4011.20.10)"
"9903.40.10","0.25","section_201","all","","25%","","Other tires of a kind used on motor cars (other than racing cars), station wagons, sport utility vehicles, vans and on-the-highway light trucks (provided for in subheading 4011.10.50 or 4011.20.50)"
"9903.41.05","0.4","section_201","all","","40%","","Bovine (including buffalo) and equine leather (provided for in heading 4104 or 4107); goat, kid, sheep and lamb leather, the foregoing dyed, colored, stamped or embossed (provided for in heading 4105,"
"9903.41.10","0.4","section_201","all","","40%","","Footwear with outer soles of leather and uppers wholly or in part of leather, and footwear with outer soles of rubber or plastics and uppers having an exterior surface area predominantly of leather, t"
"9903.41.15","1","section_201","all","","100%","","Automatic data processing machines, of the type of which the constituent units are integrated in the same housing, whether finished or unfinished, which incorporate a microprocessor-based calculating "
"9903.41.20","1","section_201","all","","100%","","Having a microprocessor-based calculating mechanism capable of directly handling memory of over 8 megabits (provided for in subheading 8471.49.10 or 8471.50)"
"9903.41.25","1","section_201","all","","100%","","Having a microprocessor-based calculating mechanism capable of directly handling memory of not over 8 megabits (provided for in subheading 8471.49.10 or 8471.50)"
"9903.41.30","1","section_201","all","","100%","","Electropneumatic rotary and percussion hammers (provided for in subheading 8467.29)"
"9903.41.35","1","section_201","all","","100%","","Other (provided for in subheading 8467.21 or 8467.29)"
"9903.41.40","1","section_201","all","","100%","","Complete color television receivers containing in a single housing apparatus for receiving and displaying off-the-air each standard U.S. broadcast channel, with or without external speakers, having a "
"9903.41.45","1","section_201","all","","100%","","Complete color television receivers containing in a single housing apparatus for receiving and displaying off-the-air each standard U.S. broadcast channel, with or without external speakers, having a "
"9903.45.01","0.14","section_201","all","","14%","55%","If entered in an aggregate quantity, in any quarterly period specified in note 17(i) to this subchapter, not exceeding 300,000 units in any such quarterly period, under the terms of such note"
"9903.45.02","0.3","section_201","all","","30%","85%","Other"
"9903.45.05",,"section_201","all","","No change","No change","If entered in an annual aggregate quantity not exceeding the quantity specified in note 17(g) to this subchapter, under the terms of such note"
"9903.45.06","0.3","section_201","all","","30%","90%","Other"
"9903.45.21",,"section_201","all","","No change","No change","If entered in an annual aggregate quantity not exceeding 12.5 gigawatts, under the terms of such note"
"9903.45.22","0.3","section_201","all","","30%","65%","Other"
"9903.45.25","0.3","section_201","all","","30%","30%","Modules as defined in note 18(g) to this subchapter, when the product or originating good of a country other than a country described in note 18(b) to this subchapter, except as provided in heading 99"
"9903.45.27",,"section_201","all","","No change","","Crystalline silicon photovoltaic cells, as defined in note 18(c) to this subchapter, and modules as defined in note 18(g) to this subchapter, all the foregoing when the product and originating good of"
"9903.45.29",,"section_201","all","","No change","No change","Bifacial solar panels, as defined in and meeting the conditions of U.S. note 18(j) to this subchapter, that absorb light and generate electricity on each side of the panel and that consist of only bif"
"9903.52.00",,"other","all","","","","Purchased and entered pursuant to the Secretary of Agriculture's Special Limited Global Import Quota Announcement"
"9903.52.01",,"other","all","","","","Purchased and entered pursuant to the Secretary of Agriculture's Special Cotton Import Quota Announcement Number 1"
"9903.52.02",,"other","all","","","","Purchased and entered pursuant to the Secretary of Agriculture's Special Cotton Import Quota Announcement Number 2"
"9903.52.03",,"other","all","","","","Purchased and entered pursuant to the Secretary of Agriculture's Special Cotton Import Quota Announcement Number 3"
"9903.52.04",,"other","all","","","","Purchased and entered pursuant to the Secretary of Agriculture's Special Cotton Import Quota Announcement Number 4"
"9903.52.05",,"other","all","","","","Purchased and entered pursuant to the Secretary of Agriculture's Special Cotton Import Quota Announcement Number 5"
"9903.52.06",,"other","all","","","","Purchased and entered pursuant to the Secretary of Agriculture's Special Cotton Import Quota Announcement Number 6"
"9903.52.07",,"other","all","","","","Purchased and entered pursuant to the Secretary of Agriculture's Special Cotton Import Quota Announcement Number 7"
"9903.52.08",,"other","all","","","","Purchased and entered pursuant to the Secretary of Agriculture's Special Cotton Import Quota Announcement Number 8"
"9903.52.09",,"other","all","","","","Purchased and entered pursuant to the Secretary of Agriculture's Special Cotton Import Quota Announcement Number 9"
"9903.52.10",,"other","all","","","","Purchased and entered pursuant to the Secretary of Agriculture's Special Cotton Import Quota Announcement Number 10"
"9903.52.11",,"other","all","","","","Purchased and entered pursuant to the Secretary of Agriculture's Special Cotton Import Quota Announcement Number 11"
"9903.52.12",,"other","all","","","","Purchased and entered pursuant to the Secretary of Agriculture's Special Cotton Import Quota Announcement Number 12"
"9903.52.13",,"other","all","","","","Purchased and entered pursuant to the Secretary of Agriculture's Special Cotton Import Quota Announcement Number 13"
"9903.52.14",,"other","all","","","","Purchased and entered pursuant to the Secretary of Agriculture's Special Cotton Import Quota Announcement Number 14"
"9903.52.15",,"other","all","","","","Purchased and entered pursuant to the Secretary of Agriculture's Special Cotton Import Quota Announcement Number 15"
"9903.52.16",,"other","all","","","","Purchased and entered pursuant to the Secretary of Agriculture's Special Cotton Import Quota Announcement Number 16"
"9903.52.17",,"other","all","","","","Purchased and entered pursuant to the Secretary of Agriculture's Special Cotton Import Quota Announcement Number 17"
"9903.52.18",,"other","all","","","","Purchased and entered pursuant to the Secretary of Agriculture's Special Cotton Import Quota Announcement Number 18"
"9903.52.19",,"other","all","","","","Purchased and entered pursuant to the Secretary of Agriculture's Special Cotton Import Quota Announcement Number 19"
"9903.52.20",,"other","all","","","","Purchased and entered pursuant to the Secretary of Agriculture's Special Cotton Import Quota Announcement Number 20"
"9903.52.21",,"other","all","","","","Purchased and entered pursuant to the Secretary of Agriculture's Special Cotton Import Quota Announcement Number 21"
"9903.52.22",,"other","all","","","","Purchased and entered pursuant to the Secretary of Agriculture's Special Cotton Import Quota Announcement Number 22"
"9903.52.23",,"other","all","","","","Purchased and entered pursuant to the Secretary of Agriculture's Special Cotton Import Quota Announcement Number 23"
"9903.52.24",,"other","all","","","","Purchased and entered pursuant to the Secretary of Agriculture's Special Cotton Import Quota Announcement Number 24"
"9903.52.25",,"other","all","","","","Purchased and entered pursuant to the Secretary of Agriculture's Special Cotton Import Quota Announcement Number 25"
"9903.52.26",,"other","all","","","","Purchased and entered pursuant to the Secretary of Agriculture's Special Cotton Import Quota Announcement Number 26"
"9903.53.01","0.1","other","all","","10%","","Softwood lumber products described in U.S. note 13 to this subchapter, whose Region of Origin is Manitoba, Ontario, Quebec or Saskatchewan"
"9903.55.01",,"other","all","","Free","No change","Entered under temporary importation bond in aggregate quantities not exceeding the amount specified in U.S. note 32(a) to this subchapter for any period specified in such note, when the product of any"
"9903.80.01","0.25","section_232","all_except","","The duty provided in the applicable subheading + 25%","The duty provided in the applicable subheading + 25%","Except for derivative iron or steel products described in heading 9903.80.03, products of iron or steel provided for in the tariff headings or subheadings enumerated in note 16 to this subchapter, exc"
"9903.80.03","0.25","section_232","all_except","","The duty provided in the applicable subheading + 25%","The duty provided in the applicable subheading + 25%","Derivative iron or steel products enumerated in U.S. note 16(a)(ii) to this subchapter, except products of Argentina, of Australia, of Brazil, of Canada, of Mexico (as specified in subdivision (h)(ii)"
"9903.80.05",,"section_232","all","","Free","","Hot-rolled sheet, provided for in subheading 7208.10.60, 7208.26.00, 7208.27.00, 7208.38.00, 7208.39.00, 7208.40.60, 7208.53.00, 7208.54.00, 7208.90.00, 7225.30.70 or 7225.40.70"
"9903.80.06",,"section_232","all","","Free","","Hot-rolled strip, provided for in subheading 7211.19.15, 7211.19.20, 7211.19.30, 7211.19.45, 7211.19.60, 7211.19.75, 7226.91.70 or 7226.91.80"
"9903.80.07",,"section_232","all","","Free","","Hot-rolled plate, in coils, provided for in subheading 7208.10.15, 7208.10.30, 7208.25.30, 7208.25.60, 7208.36.00, 7208.37.00, 7211.14.00 (except for statistical reporting numbers 7211.14.0030 and 721"
"9903.80.08",,"section_232","all","","Free","","Cold-rolled sheet and other products, provided for in subheading 7209.15.00, 7209.16.00, 7209.17.00, 7209.18.15, 7209.18.60, 7209.25.00, 7209.26.00, 7209.27.00, 7209.28.00, 7209.90.00, 7210.70.30, 722"
"9903.80.09",,"section_232","all","","Free","","Cold-rolled strip and other products, provided for in subheading 7211.23.15, 7211.23.20, 7211.23.30, 7211.23.45, 7211.23.60, 7211.29.20, 7211.29.45, 7211.29.60, 7211.90.00, 7212.40.10, 7212.40.50, 722"
"9903.80.10",,"section_232","all","","Free","","Cold-rolled black plate, provided for in subheading 7209.18.25"
"9903.80.11",,"section_232","all","","Free","","Plate in cut lengths, provided for in subheading 7208.40.30, 7208.51.00, 7208.52.00, 7210.90.10, 7211.13.00, 7211.14.00 (except for statistical reporting number 7211.14.0090), 7225.40.30, 7225.50.60 o"
"9903.80.12",,"section_232","all","","Free","","Flat-rolled products, hot-dipped, provided for in subheading 7210.41.00, 7210.49.00, 7210.70.60 (except for statistical reporting numbers 7210.70.6030 and 7210.70.6090), 7212.30.10, 7212.30.30, 7212.3"
"9903.80.13",,"section_232","all","","Free","","Flat-rolled products, coated, provided for in subheading 7210.20.00, 7210.61.00, 7210.69.00, 7210.70.60 (except for statistical reporting numbers 7210.70.6030 and 7210.70.6060), 7210.90.60, 7210.90.90"
"9903.80.14",,"section_232","all","","Free","","Tin-free steel, provided for in subheading 7210.50.00"
"9903.80.15",,"section_232","all","","Free","","Tin plate, provided for in subheading 7210.11.00, 7210.12.00 or 7212.10.00"
"9903.80.16",,"section_232","all","","Free","","Silicon electrical steel sheets and strip, provided for in subheading 7225.11.00, 7225.19.00, 7226.11.10, 7226.11.90, 7226.19.10 or 7226.19.90"
"9903.80.17",,"section_232","all","","Free","","Sheets and strip electrolytically coated or plated with zinc, provided for in subheading 7210.30.00, 7210.70.60 (except for statistical reporting numbers 7210.70.6060 and 7210.70.6090), 7212.20.00, 72"
"9903.80.18",,"section_232","all","","Free","","Oil country pipe and tube goods, provided for in subheading 7304.23.30, 7304.23.60, 7304.29.10, 7304.29.20, 7304.29.31, 7304.29.41, 7304.29.50, 7304.29.61, 7305.20.20, 7305.20.40, 7305.20.60, 7305.20."
"9903.80.19",,"section_232","all","","Free","","Line pipe exceeding 406.4 mm in outside diameter, provided for in subheading 7304.19.10 (except for statistical reporting numbers 7304.19.1020, 7304.19.1030, 7304.19.1045 and 7304.19.1060), 7304.19.50"
"9903.80.20",,"section_232","all","","Free","","Line pipe not exceeding 406.4 mm in outside diameter, provided for in subheading 7304.19.10 (except for statistical reporting number 7304.19.1080), 7304.19.50 (except for statistical reporting number "
"9903.80.21",,"section_232","all","","Free","","Other line pipe, provided for in subheading 7306.19.10 (except for statistical reporting number 7306.19.1010) or 7306.19.51 (except for statistical reporting number 7306.19.5110)"
"9903.80.22",,"section_232","all","","Free","","Standard pipe, provided for in subheading 7304.39.00 (except for statistical reporting numbers 7304.39.0002, 7304.39.0004, 7304.39.0006, 7304.39.0008, 7304.39.0028, 7304.39.0032, 7304.39.0040, 7304.39"
"9903.80.23",,"section_232","all","","Free","","Structural pipe and tube, provided for in subheading 7304.90.10, 7304.90.30, 7305.31.20, 7305.31.40, 7305.31.60 (except for statistical reporting number 7305.31.6010), 7306.30.30, 7306.50.30, 7306.61."
"9903.80.24",,"section_232","all","","Free","","Mechanical tubing and other products, provided for in subheading 7304.31.30, 7304.31.60 (except for statistical reporting number 7304.31.6010), 7304.39.00 (except for statistical reporting numbers 730"
"9903.80.25",,"section_232","all","","Free","","Pressure tubing and other products, provided for in subheading 7304.31.60 (except for statistical reporting number 7304.31.6050), 7304.39.00 (except for statistical reporting numbers 7304.39.0016, 730"
"9903.80.26",,"section_232","all","","Free","","Tubes or pipes for piling and other products, provided for in subheading 7305.39.10 or 7305.39.50"
"9903.80.27",,"section_232","all","","Free","","Pipes and tubes, not specially provided for, provided for in subheading 7304.51.50 (except for statistical reporting numbers 7304.51.5015, 7304.51.5045 and 7304.51.5060), 7305.90.10, 7305.90.50, 7306."
"9903.80.28",,"section_232","all","","Free","","Hot-rolled sheet of stainless steel, provided for in subheading 7219.13.00, 7219.14.00, 7219.23.00 or 7219.24.00"
"9903.80.29",,"section_232","all","","Free","","Hot-rolled strip of stainless steel and other products, provided for in subheading 7220.12.10 or 7220.12.50"
"9903.80.30",,"section_232","all","","Free","","Hot-rolled plate of stainless steel, in coils, and other products, provided for in subheading 7219.11.00 or 7219.12.00"
"9903.80.31",,"section_232","all","","Free","","Cold-rolled sheet of stainless steel and other products, provided for in subheading 7219.32.00, 7219.33.00, 7219.34.00, 7219.35.00 or 7219.90.00"
"9903.80.32",,"section_232","all","","Free","","Cold-rolled strip of stainless steel, provided for in subheading 7220.20.10, 7220.20.60, 7220.20.70, 7220.20.80, 7220.20.90 or 7220.90.00"
"9903.80.33",,"section_232","all","","Free","","Cold-rolled plate of stainless steel, in coils, provided for in subheading 7219.31.00 (except for statistical reporting number 7219.31.0050)"
"9903.80.34",,"section_232","all","","Free","","Wire of stainless steel, drawn, provided for in subheading 7223.00.10, 7223.00.50 or 7223.00.90"
"9903.80.35",,"section_232","all","","Free","","Pipes and tubes of stainless steel, provided for in subheading 7304.41.30, 7304.41.60, 7304.49.00, 7305.31.60 (except for statistical reporting number 7305.31.6090), 7306.40.10, 7306.40.50, 7306.61.70"
"9903.80.36",,"section_232","all","","Free","","Line pipe of stainless steel, provided for in subheading 7304.11.00 or 7306.11.00"
"9903.80.37",,"section_232","all","","Free","","Bars and rods of stainless steel, cold finished, provided for in subheading 7222.20.00 or 7222.30.00"
"9903.80.38",,"section_232","all","","Free","","Bars and rods of stainless steel, hot-rolled, provided for in heading 7221.00.00 (except for statistical reporting numbers 7221.00.0017, 7221.00.0018 and 7221.00.0030) or subheading 7222.11.00, 7222.1"
"9903.80.39",,"section_232","all","","Free","","Blooms, billets and slabs of stainless steel and other products, provided for in subheading 7218.91.00 and 7218.99.00"
"9903.80.40",,"section_232","all","","Free","","Oil country pipe and tube goods of stainless steel and other products, provided for in subheading 7304.22.00, 7304.24.30, 7304.24.40, 7304.24.60, 7306.21.30, 7306.21.40 or 7306.21.80"
"9903.80.41",,"section_232","all","","Free","","Ingot and other primary forms of stainless steel, provided for in subheading 7218.10.00"
"9903.80.42",,"section_232","all","","Free","","Flat-rolled products of stainless steel, provided for in subheading 7219.21.00, 7219.22.00, 7219.31.00 (except for statistical reporting number 7219.31.0010) or 7220.11.00"
"9903.80.43",,"section_232","all","","Free","","Bars and rods, hot-rolled, in irregularly wound coils, of stainless steel, provided for in heading 7221.00.00 (except for statistical reporting numbers 7221.00.0005, 7221.00.0045 and 7221.00.0075)"
"9903.80.44",,"section_232","all","","Free","","Angles, shapes and sections of stainless steel, provided for in subheading 7222.40.30 (except for statistical reporting numbers 7222.40.3065 and 7222.40.3085) or 7222.40.60"
"9903.80.45",,"section_232","all","","Free","","Angles, shapes and sections, provided for in subheading 7216.31.00, 7216.32.00, 7216.33.00, 7216.40.00, 7216.50.00, 7216.99.00, 7228.70.30 (except for statistical reporting numbers 7228.70.3060 and 72"
"9903.80.46",,"section_232","all","","Free","","Bars and rods, hot-rolled, in irregularly wound coils, provided for in subheading 7213.91.30, 7213.91.45, 7213.91.60, 7213.99.00 (except for statistical reporting number 7213.99.0060), 7227.20.00 (exc"
"9903.80.47",,"section_232","all","","Free","","Wire (other than of stainless steel), provided for in subheading 7217.10.10, 7217.10.20, 7217.10.30, 7217.10.40, 7217.10.50, 7217.10.60, 7217.10.70, 7217.10.80, 7217.10.90, 7217.20.15, 7217.20.30, 721"
"9903.80.48",,"section_232","all","","Free","","Bars, hot-rolled, not of stainless steel, provided for in subheading 7213.20.00, 7213.99.00 (except for statistical reporting numbers 7213.99.0030 and 7213.99.0090), 7214.10.00, 7214.30.00, 7214.91.00"
"9903.80.49",,"section_232","all","","Free","","Bars, cold-finished, not of stainless steel, provided for in subheading 7215.10.00, 7215.50.00, 7215.90.30, 7215.90.50, 7228.20.50, 7228.50.50 or 7228.60.80"
"9903.80.50",,"section_232","all","","Free","","Angles, shapes and sections of a type known as â€œlight-shaped barsâ€ and other products, provided for in subheading 7216.10.00, 7216.21.00, 7216.22.00 or 7228.70.30 (except for statistical reporting"
"9903.80.51",,"section_232","all","","Free","","Reinforcing bars, provided for in subheading 7213.10.00, 7214.20.00 or 7228.30.80 (except for statistical reporting numbers 7228.30.8005, 7228.30.8015, 7228.30.8041, 7228.30.8045 and 7228.30.8070)"
"9903.80.52",,"section_232","all","","Free","","Sheet piling, provided for in subheading 7301.10.00"
"9903.80.53",,"section_232","all","","Free","","Nonenumerated railroad goods, provided for in subheading 7302.40.00, 7302.90.10 and 7302.90.90"
"9903.80.54",,"section_232","all","","Free","","Rails other than those known as â€œstandard rails,â€ provided for in subheading 7302.10.10 (except for statistical reporting numbers 7302.10.1010, 7302.10.1035, 7302.10.1065 and 7302.10.1075)"
"9903.80.55",,"section_232","all","","Free","","Rails known as â€œstandard rails,â€ provided for in subheading 7302.10.10 (except for statistical reporting numbers 7302.10.1015, 7302.10.1025, 7302.10.1045 and 7302.10.1055) or 7302.10.50"
"9903.80.56",,"section_232","all","","Free","","Products of tool steel and other products, provided for in subheading 7224.10.00 (except for statistical reporting numbers 7224.10.0005 and 7224.10.0075), 7224.90.00 (except for statistical reporting "
"9903.80.57",,"section_232","all","","Free","","Blooms, billets and slabs, semi-finished, provided for in subheading 7207.11.00, 7207.12.00, 7207.19.00, 7207.20.00 or 7224.90.00 (except for statistical reporting numbers 7224.90.0015, 7224.90.0025, "
"9903.80.58",,"section_232","all","","Free","","Ingots, provided for in subheading 7206.10.00, 7206.90.00 or 7224.10.00 (except for statistical reporting number 7224.10.0045)"
"9903.80.60",,"section_232","all","","The duty provided in the applicable subheading","","Goods granted relief from the application of quantitative limitation otherwise imposed in relation to subheadings 9903.80.05 through 9903.80.58, for any steel article determined by the Secretary not t"
"9903.80.61","0.25","section_232","all","","The duty provided in the applicable subheading + 25%","","Goods subject to a qualifying contract for which relief has been provided from the application of quantitative limitation otherwise imposed in relation to subheadings 9903.80.05 through 9903.80.58, pr"
"9903.80.62",,"section_232","all","","The duty provided in the applicable subheading","","Goods subject to a qualifying contract or other written agreement for which relief has been provided from the application of quantitative limitation otherwise imposed in relation to subheading 9903.80"
"9903.80.65",,"section_232","all","","Free","","Hot-rolled sheet (provided for in subheading 7208.10.60, 7208.26.00, 7208.27.00, 7208.38.00, 7208.39.00, 7208.40.60, 7208.53.00, 7208.54.00, 7208.90.00, 7225.30.70 or 7225.40.70)"
"9903.80.66",,"section_232","all","","Free","","Hot-rolled strip (provided for in subheading 7211.19.15, 7211.19.20, 7211.19.30, 7211.19.45, 7211.19.60, 7211.19.75, 7226.91.70 or 7226.91.80)"
"9903.80.67",,"section_232","all","","Free","","Hot-rolled plate, in coils (provided for in subheading 7208.10.15, 7208.10.30, 7208.25.30, 7208.25.60, 7208.36.00, 7208.37.00, 7211.14.00 (except for statistical reporting number 7211.14.0030 or 7211."
"9903.80.68",,"section_232","all","","Free","","Cold-rolled sheet, provided for in subheading 7209.15.00, 7209.16.00, 7209.17.00, 7209.18.15, 7209.18.60, 7209.25.00, 7209.26.00, 7209.27.00, 7209.28.00, 7209.90.00, 7210.70.30, 7225.50.70, 7225.50.80"
"9903.80.69",,"section_232","all","","Free","","Cold-rolled strip (provided for in subheading 7211.23.15, 7211.23.20, 7211.23.30, 7211.23.45, 7211.23.60, 7211.29.20, 7211.29.45, 7211.29.60, 7211.90.00, 7212.40.10, 7212.40.50, 7226.92.50, 7226.92.70"
"9903.80.70",,"section_232","all","","Free","","Cold-rolled black plate (provided for in subheading 7209.18.25)"
"9903.80.71",,"section_232","all","","Free","","Plate in cut lengths (provided for in subheading 7208.40.30, 7208.51.00, 7208.52.00, 7210.90.10, 7211.13.00, 7211.14.00 (except for statistical reporting number 7211.14.0090), 7225.40.30, 7225.50.60 o"
"9903.80.72",,"section_232","all","","Free","","Flat-rolled products, hot-dipped (provided for in subheading 7210.41.00, 7210.49.00, 7210.70.60 (except for statistical reporting number 7210.70.6030 or 7210.70.6090), 7212.30.10, 7212.30.30, 7212.30."
"9903.80.73",,"section_232","all","","Free","","Flat-rolled products, coated (provided for in subheading 7210.20.00, 7210.61.00, 7210.69.00, 7210.70.60 (except for statistical reporting number 7210.70.6030 or 7210.70.6060), 7210.90.60, 7210.90.90, "
"9903.80.74",,"section_232","all","","Free","","Tin-free steel (provided for in subheading7210.50.00)"
"9903.80.75",,"section_232","all","","Free","","Tin plate (provided for in subheading 7210.11.00, 7210.12.00 or 7212.10.00)"
"9903.80.76",,"section_232","all","","Free","","Silicon electrical steel sheets and strip (provided for in subheading 7225.11.00, 7225.19.00, 7226.11.10, 7226.11.90, 7226.19.10 or 7226.19.90"
"9903.80.77",,"section_232","all","","Free","","Sheets and strip electrolytically coated or plated with zinc (provided for in subheading 7210.30.00, 7210.70.60 (except for statistical reporting number 7210.70.6060 or 7210.70.6090), 7212.20.00, 7225"
"9903.80.78",,"section_232","all","","Free","","Oil country pipe and tube goods (provided for in subheading 7304.23.30, 7304.23.60, 7304.29.10, 7304.29.20, 7304.29.31, 7304.29.41, 7304.29.50, 7304.29.61, 7305.20.20, 7305.20.40, 7305.20.60, 7305.20."
"9903.80.79",,"section_232","all","","Free","","Line pipe exceeding 406.4 mm in outside diameter (provided for in subheading 7304.19.10 (except for statistical reporting number 7304.19.1020, 7304.19.1030, 7304.19.1045 or 7304.19.1060), 7304.19.50 ("
"9903.80.80",,"section_232","all","","Free","","Line pipe not exceeding 406.4 mm in outside diameter (provided for in subheading 7304.19.10 (except for statistical reporting number 7304.19.1080), 7304.19.50 (except for statistical reporting number "
"9903.80.81",,"section_232","all","","Free","","Other line pipe (provided for in subheading 7306.19.10 (except for statistical reporting number 7306.19.1010) or 7306.19.51 (except for statistical reporting number 7306.19.5110))"
"9903.80.82",,"section_232","all","","Free","","Standard pipe (provided for in subheading 7304.39.00 (except for statistical reporting number 7304.39.0002, 7304.39.0004, 7304.39.0006, 7304.39.0008, 7304.39.0028, 7304.39.0032, 7304.39.0040, 7304.39."
"9903.80.83",,"section_232","all","","Free","","Structural pipe and tube (provided for in subheading 7304.90.10, 7304.90.30, 7305.31.20, 7305.31.40, 7305.31.60 (except for statistical reporting number 7305.31.6010), 7306.30.30, 7306.50.30, 7306.61."
"9903.80.84",,"section_232","all","","Free","","Mechanical tubing (provided for in subheading 7304.31.30, 7304.31.60 (except for statistical reporting number 7304.31.6010), 7304.39.00 (except for statistical reporting number 7304.39.0002, 7304.39.0"
"9903.80.85",,"section_232","all","","Free","","Pressure tubing (provided for in subheading 7304.31.60 (except for statistical reporting number 7304.31.6050), 7304.39.00 (except for statistical reporting number 7304.39.0016, 7304.39.0020, 7304.39.0"
"9903.80.86",,"section_232","all","","Free","","Tubes or pipes for piling (provided for in subheading 7305.39.10 or 7305.39.50)"
"9903.80.87",,"section_232","all","","Free","","Pipes and tubes, not specially provided for (provided for in subheading 7304.51.50 (except for statistical reporting number 7304.51.5015, 7304.51.5045 or 7304.51.5060), 7305.90.10, 7305.90.50, 7306.90"
"9903.80.88",,"section_232","all","","Free","","Hot-rolled sheet of stainless steel (provided for in subheading 7219.13.00, 7219.14.00, 7219.23.00 or 7219.24.00)"
"9903.80.89",,"section_232","all","","Free","","Hot-rolled strip of stainless steel (provided for in subheading 7220.12.10 or 7220.12.50)"
"9903.80.90",,"section_232","all","","Free","","Hot-rolled plate of stainless steel, in coils (provided for in subheading 7219.11.00 or 7219.12.00)"
"9903.80.91",,"section_232","all","","Free","","Cold-rolled sheet of stainless steel (provided for in subheading 7219.32.00, 7219.33.00, 7219.34.00, 7219.35.00 or 7219.90.00)"
"9903.80.92",,"section_232","all","","Free","","Cold-rolled strip of stainless steel (provided for in subheading 7220.20.10, 7220.20.60, 7220.20.70, 7220.20.80, 7220.20.90 or 7220.90.00)"
"9903.80.93",,"section_232","all","","Free","","Cold-rolled plate of stainless steel, in coils (provided for in subheading 7219.31.00 (except for statistical reporting number 7219.31.0050))"
"9903.80.94",,"section_232","all","","Free","","Wire of stainless steel, drawn (provided for in subheading 7223.00.10, 7223.00.50 or 7223.00.90)"
"9903.80.95",,"section_232","all","","Free","","Pipes and tubes of stainless steel (provided for in subheading 7304.41.30, 7304.41.60, 7304.49.00, 7305.31.60 (except for statistical reporting number 7305.31.6090), 7306.40.10, 7306.40.50, 7306.61.70"
"9903.80.96",,"section_232","all","","Free","","Line pipe of stainless steel (provided for in subheading 7304.11.00 or 7306.11.00)"
"9903.80.97",,"section_232","all","","Free","","Bars and rods of stainless steel, cold finished (provided for in subheading 7222.20.00 or 7222.30.00)"
"9903.80.98",,"section_232","all","","Free","","Bars and rods of stainless steel, hot-rolled (provided for in heading 7221.00.00 (except for statistical reporting number 7221.00.0017, 7221.00.0018 or 7221.00.0030) or subheading 7222.11.00, 7222.19."
"9903.80.99",,"section_232","all","","Free","","Blooms, billets and slabs of stainless steel (provided for in subheading 7218.91.00 and 7218.99.00)."
"9903.81.01",,"section_232","all","","Free","","Oil country pipe and tube goods of stainless steel (provided for in subheading 7304.22.00, 7304.24.30, 7304.24.40, 7304.24.60, 7306.21.30, 7306.21.40 or 7306.21.80)"
"9903.81.02",,"section_232","all","","Free","","Ingot and other primary forms of stainless steel (provided for in subheading 7218.10.00)"
"9903.81.03",,"section_232","all","","Free","","Flat-rolled products of stainless steel (provided for in subheading 7219.21.00, 7219.22.00, 7219.31.00 (except for statistical reporting number 7219.31.0010) or 7220.11.00)"
"9903.81.04",,"section_232","all","","Free","","Bars and rods, hot-rolled, in irregularly wound coils, of stainless steel (provided for in heading 7221.00.00 (except for statistical reporting number 7221.00.0005, 7221.00.0045 or 7221.00.0075))"
"9903.81.05",,"section_232","all","","Free","","Angles, shapes and sections of stainless steel (provided for in subheading 7222.40.30 (except for statistical reporting number 7222.40.3065 or 7222.40.3085) or 7222.40.60)"
"9903.81.06",,"section_232","all","","Free","","Angles, shapes and sections (provided for in subheading 7216.31.00, 7216.32.00, 7216.33.00, 7216.40.00, 7216.50.00, 7216.99.00, 7228.70.30 (except for statistical reporting number 7228.70.3060 or 7228"
"9903.81.07",,"section_232","all","","Free","","Bars and rods, hot-rolled, in irregularly wound coils (provided for in subheading 7213.91.30, 9213.91.45, 7213.91.60, 7213.99.00 (except for statistical reporting number 7213.99.0060), 7227.20.00 (exc"
"9903.81.08",,"section_232","all","","Free","","Wire (other than of stainless steel) (provided for in subheading 7217.10.10, 7217.10.20, 7217.10.30, 7217.10.40, 7217.10.50, 7217.10.60, 7217.10.70, 7217.10.80, 7217.10.90, 7217.20.15, 7217.20.30, 721"
"9903.81.09",,"section_232","all","","Free","","Bars, hot-rolled, not of stainless steel (provided for in subheading 7213.20.00, 7213.99.00 (except for statistical reporting number 7213.99.0030 or 7213.99.0090), 7214.10.00, 7214.30.00, 7214.91.00, "
"9903.81.10",,"section_232","all","","Free","","Bars, cold-finished, not of stainless steel (provided for in subheading 7215.10.00, 7215.50.00, 7215.90.30, 7215.90.50, 7228.20.50, 7228.50.50 or 7228.60.80)"
"9903.81.11",,"section_232","all","","Free","","Angles, shapes and sections of a type known as â€œlight-shaped barsâ€ (provided for in subheading 7216.10.00, 7216.21.00, 7216.22.00 or 7228.70.30 (except for statistical reporting number 7228.70.301"
"9903.81.12",,"section_232","all","","Free","","Reinforcing bars (provided for in subheading 7213.10.00, 7214.20.00 or 7228.30.80 (except for statistical reporting number 7228.30.8005, 7228.30.8015, 7228.30.8041, 7228.30.8045 or 7228.30.8070))"
"9903.81.13",,"section_232","all","","Free","","Sheet piling (provided for in subheading 7301.10.00)"
"9903.81.14",,"section_232","all","","Free","","Nonenumerated railroad goods (provided for in subheading 7302.40.00, 7302.90.10 or 7302.90.90)"
"9903.81.15",,"section_232","all","","Free","","Rails other than those known as â€œstandard railsâ€ (provided for in subheading 7302.10.10 (except for statistical reporting number 7302.10.1010, 7302.10.1035, 7302.10.1065 or 7302.10.1075)"
"9903.81.16",,"section_232","all","","Free","","Rails known as â€œstandard railsâ€ (provided for in subheading 7302.10.10 (except for statistical reporting number 7302.10.1015, 7302.10.1025, 7302.10.1045 or 7302.10.1055) or 7302.10.50)"
"9903.81.17",,"section_232","all","","Free","","Products of tool steel (provided for in subheading 7224.10.00 (except for statistical reporting number 7224.10.0005 or 7224.10.0075), 7224.90.00 (except for statistical reporting number 7224.90.0005, "
"9903.81.18",,"section_232","all","","Free","","Blooms, billets and slabs, semi-finished (provided for in subheading 7207.11.00, 7207.12.00, 7207.19.00, 7207.20.00 or 7224.90.00 (except for statistical reporting number 7224.90.0015, 7224.90.0025 or"
"9903.81.19",,"section_232","all","","Free","","Ingots (provided for in subheading 7206.10.00, 7206.90.00 or 7224.10.00 (except for statistical reporting number 7224.10.0045)"
"9903.81.25",,"section_232","all","","Free","","Hot-rolled sheet (provided for in subheading 7208.10.60, 7208.26.00, 7208.27.00, 7208.38.00, 7208.39.00, 7208.40.60, 7208.53.00, 7208.54.00, 7208.90.00, 7225.30.70 or 7225.40.70)"
"9903.81.26",,"section_232","all","","Free","","Hot-rolled strip (provided for in subheading 7211.19.15, 7211.19.20, 7211.19.30, 7211.19.45, 7211.19.60, 7211.19.75, 7226.91.70 or 7226.91.80)"
"9903.81.27",,"section_232","all","","Free","","Hot-rolled plate, in coils (provided for in subheading 7208.10.15, 7208.10.30, 7208.25.30, 7208.25.60, 7208.36.00, 7208.37.00, 7211.14.00 (except for statistical reporting number 7211.14.0030 or 7211."
"9903.81.28",,"section_232","all","","Free","","Cold-rolled sheet, provided for in subheading 7209.15.00, 7209.16.00, 7209.17.00, 7209.18.15, 7209.18.60, 7209.25.00, 7209.26.00, 7209.27.00, 7209.28.00, 7209.90.00, 7210.70.30, 7225.50.70, 7225.50.80"
"9903.81.29",,"section_232","all","","Free","","Cold-rolled strip (provided for in subheading 7211.23.15, 7211.23.20, 7211.23.30, 7211.23.45, 7211.23.60, 7211.29.20, 7211.29.45, 7211.29.60, 7211.90.00, 7212.40.10, 7212.40.50, 7226.92.50, 7226.92.70"
"9903.81.30",,"section_232","all","","Free","","Cold-rolled black plate (provided for in subheading 7209.18.25)"
"9903.81.31",,"section_232","all","","Free","","Plate in cut lengths (provided for in subheading 7208.40.30, 7208.51.00, 7208.52.00, 7210.90.10, 7211.13.00, 7211.14.00 (except for statistical reporting number 7211.14.0090), 7225.40.30, 7225.50.60 o"
"9903.81.32",,"section_232","all","","Free","","Flat-rolled products, hot-dipped (provided for in subheading 7210.41.00, 7210.49.00, 7210.70.60 (except for statistical reporting number 7210.70.6030 or 7210.70.6090), 7212.30.10, 7212.30.30, 7212.30."
"9903.81.33",,"section_232","all","","Free","","Flat-rolled products, coated (provided for in subheading 7210.20.00, 7210.61.00, 7210.69.00, 7210.70.60 (except for statistical reporting number 7210.70.6030 or 7210.70.6060), 7210.90.60, 7210.90.90, "
"9903.81.34",,"section_232","all","","Free","","Tin-free steel (provided for in subheading 7210.50.00)"
"9903.81.35",,"section_232","all","","Free","","Tin plate (provided for in subheading 7210.11.00, 7210.12.00 or 7212.10.00)"
"9903.81.36",,"section_232","all","","Free","","Silicon electrical steel sheets and strip (provided for in subheading 7225.11.00, 7225.19.00, 7226.11.10, 7226.11.90, 7226.19.10 or 7226.19.90)"
"9903.81.37",,"section_232","all","","Free","","Sheets and strip electrolytically coated or plated with zinc (provided for in subheading 7210.30.00, 7210.70.60 (except for statistical reporting number 7210.70.6060 or 7210.70.6090), 7212.20.00, 7225"
"9903.81.38",,"section_232","all","","Free","","Oil country pipe and tube goods (provided for in subheading 7304.23.30, 7304.23.60, 7304.29.10, 7304.29.20, 7304.29.31, 7304.29.41, 7304.29.50, 7304.29.61, 7305.20.20, 7305.20.40, 7305.20.60, 7305.20."
"9903.81.39",,"section_232","all","","Free","","Line pipe exceeding 406.4 mm in outside diameter (provided for in subheading 7304.19.10 (except for statistical reporting number 7304.19.1020, 7304.19.1030, 7304.19.1045 or 7304.19.1060), 7304.19.50 ("
"9903.81.40",,"section_232","all","","Free","","Line pipe not exceeding 406.4 mm in outside diameter (provided for in subheading 7304.19.10 (except for statistical reporting number 7304.19.1080), 7304.19.50 (except for statistical reporting number "
"9903.81.41",,"section_232","all","","Free","","Other line pipe (provided for in subheading 7306.19.10 (except for statistical reporting number 7306.19.1010) or 7306.19.51 (except for statistical reporting number 7306.19.5110))"
"9903.81.42",,"section_232","all","","Free","","Standard pipe (provided for in subheading 7304.39.00 (except for statistical reporting number 7304.39.0002, 7304.39.0004, 7304.39.0006, 7304.39.0008, 7304.39.0028, 7304.39.0032, 7304.39.0040, 7304.39."
"9903.81.43",,"section_232","all","","Free","","Structural pipe and tube (provided for in subheading 7304.90.10, 7304.90.30, 7305.31.20, 7305.31.40, 7305.31.60 (except for statistical reporting number 7305.31.6010), 7306.30.30, 7306.50.30, 7306.61."
"9903.81.44",,"section_232","all","","Free","","Mechanical tubing (provided for in subheading 7304.31.30, 7304.31.60 (except for statistical reporting number 7304.31.6010), 7304.39.00 (except for statistical reporting number 7304.39.0002, 7304.39.0"
"9903.81.45",,"section_232","all","","Free","","Pressure tubing (provided for in subheading 7304.31.60 (except for statistical reporting number 7304.31.6050), 7304.39.00 (except for statistical reporting number 7304.39.0016, 7304.39.0020, 7304.39.0"
"9903.81.46",,"section_232","all","","Free","","Tubes or pipes for piling (provided for in subheading 7305.39.10 or 7305.39.50)"
"9903.81.47",,"section_232","all","","Free","","Pipes and tubes, not specially provided for (provided for in subheading 7304.51.50 (except for statistical reporting number 7304.51.5015, 7304.51.5045 or 7304.51.5060), 7305.90.10, 7305.90.50, 7306.90"
"9903.81.48",,"section_232","all","","Free","","Hot-rolled sheet of stainless steel (provided for in subheading 7219.13.00, 7219.14.00, 7219.23.00 or 7219.24.00)"
"9903.81.49",,"section_232","all","","Free","","Hot-rolled strip of stainless steel (provided for in subheading 7220.12.10 or 7220.12.50)"
"9903.81.50",,"section_232","all","","Free","","Hot-rolled plate of stainless steel, in coils (provided for in subheading 7219.11.00 or 7219.12.00)"
"9903.81.51",,"section_232","all","","Free","","Cold-rolled sheet of stainless steel (provided for in subheading 7219.32.00, 7219.33.00, 7219.34.00, 7219.35.00 or 7219.90.00)"
"9903.81.52",,"section_232","all","","Free","","Cold-rolled strip of stainless steel (provided for in subheading 7220.20.10, 7220.20.60, 7220.20.70, 7220.20.80, 7220.20.90 or 7220.90.00)"
"9903.81.53",,"section_232","all","","Free","","Cold-rolled plate of stainless steel, in coils (provided for in subheading 7219.31.00 (except for statistical reporting number 7219.31.0050))"
"9903.81.54",,"section_232","all","","Free","","Wire of stainless steel, drawn (provided for in subheading 7223.00.10, 7223.00.50 or 7223.00.90)"
"9903.81.55",,"section_232","all","","Free","","Pipes and tubes of stainless steel (provided for in subheading 7304.41.30, 7304.41.60, 7304.49.00, 7305.31.60 (except for statistical reporting number 7305.31.6090), 7306.40.10, 7306.40.50, 7306.61.70"
"9903.81.56",,"section_232","all","","Free","","Line pipe of stainless steel (provided for in subheading 7304.11.00 or 7306.11.00)"
"9903.81.57",,"section_232","all","","Free","","Bars and rods of stainless steel, cold finished (provided for in subheading 7222.20.00 or 7222.30.00)"
"9903.81.58",,"section_232","all","","Free","","Bars and rods of stainless steel, hot-rolled (provided for in heading 7221.00.00 (except for statistical reporting number 7221.00.0017, 7221.00.0018 or 7221.00.0030) or subheading 7222.11.00, 7222.19."
"9903.81.59",,"section_232","all","","Free","","Blooms, billets and slabs of stainless steel (provided for in subheading 7218.91.00 and 7218.99.00)"
"9903.81.60",,"section_232","all","","Free","","Oil country pipe and tube goods of stainless steel (provided for in subheading 7304.22.00, 7304.24.30, 7304.24.40, 7304.24.60, 7306.21.30, 7306.21.40 or 7306.21.80)"
"9903.81.61",,"section_232","all","","Free","","Ingot and other primary forms of stainless steel (provided for in subheading 7218.10.00)"
"9903.81.62",,"section_232","all","","Free","","Flat-rolled products of stainless steel (provided for in subheading 7219.21.00, 7219.22.00, 7219.31.00 (except for statistical reporting number 7219.31.0010) or 7220.11.00)"
"9903.81.63",,"section_232","all","","Free","","Bars and rods, hot-rolled, in irregularly wound coils, of stainless steel (provided for in heading 7221.00.00 (except for statistical reporting number 7221.00.0005, 7221.00.0045 or 7221.00.0075))"
"9903.81.64",,"section_232","all","","Free","","Angles, shapes and sections of stainless steel (provided for in subheading 7222.40.30 (except for statistical reporting number 7222.40.3065 or 7222.40.3085) or 7222.40.60)"
"9903.81.65",,"section_232","all","","Free","","Angles, shapes and sections (provided for in subheading 7216.31.00, 7216.32.00, 7216.33.00, 7216.40.00, 7216.50.00, 7216.99.00, 7228.70.30 (except for statistical reporting number 7228.70.3060 or 7228"
"9903.81.66",,"section_232","all","","Free","","Bars and rods, hot-rolled, in irregularly wound coils (provided for in subheading 7213.91.30, 9213.91.45, 7213.91.60, 7213.99.00 (except for statistical reporting number 7213.99.0060), 7227.20.00 (exc"
"9903.81.67",,"section_232","all","","Free","","Wire (other than of stainless steel) (provided for in subheading 7217.10.10, 7217.10.20, 7217.10.30, 7217.10.40, 7217.10.50, 7217.10.60, 7217.10.70, 7217.10.80, 7217.10.90, 7217.20.15, 7217.20.30, 721"
"9903.81.68",,"section_232","all","","Free","","Bars, hot-rolled, not of stainless steel (provided for in subheading 7213.20.00, 7213.99.00 (except for statistical reporting number 7213.99.0030 or 7213.99.0090), 7214.10.00, 7214.30.00, 7214.91.00, "
"9903.81.69",,"section_232","all","","Free","","Bars, cold-finished, not of stainless steel (provided for in subheading 7215.10.00, 7215.50.00, 7215.90.30, 7215.90.50, 7228.20.50, 7228.50.50 or 7228.60.80)"
"9903.81.70",,"section_232","all","","Free","","Angles, shapes and sections of a type known as â€œlight-shaped barsâ€ (provided for in subheading 7216.10.00, 7216.21.00, 7216.22.00 or 7228.70.30 (except for statistical reporting number 7228.70.301"
"9903.81.71",,"section_232","all","","Free","","Reinforcing bars (provided for in subheading 7213.10.00, 7214.20.00 or 7228.30.80 (except for statistical reporting number 7228.30.8005, 7228.30.8015, 7228.30.8041, 7228.30.8045 or 7228.30.8070))"
"9903.81.72",,"section_232","all","","Free","","Sheet piling (provided for in subheading 7301.10.00)"
"9903.81.73",,"section_232","all","","Free","","Nonenumerated railroad good[s] (provided for in subheading 7302.40.00, 7302.90.10 or 7302.90.90)"
"9903.81.74",,"section_232","all","","Free","","Rails other than those known as â€œstandard railsâ€ (provided for in subheading 7302.10.10 (except for statistical reporting number 7302.10.1010, 7302.10.1035, 7302.10.1065 or 7302.10.1075))"
"9903.81.75",,"section_232","all","","Free","","Rails known as â€œstandard railsâ€ (provided for in subheading 7302.10.10 (except for statistical reporting number 7302.10.1015, 7302.10.1025, 7302.10.1045 or 7302.10.1055) or 7302.10.50)"
"9903.81.76",,"section_232","all","","Free","","Products of tool steel (provided for in subheading 7224.10.00 (except for statistical reporting number 7224.10.0005 or 7224.10.0075), 7224.90.00 (except for statistical reporting number 7224.90.0005, "
"9903.81.77",,"section_232","all","","Free","","Blooms, billets and slabs, semi-finished (provided for in subheading 7207.11.00, 7207.12.00, 7207.19.00, 7207.20.00 or 7224.90.00 (except for statistical reporting number 7224.90.0015, 7224.90.0025 or"
"9903.81.78",,"section_232","all","","Free","","Ingots (provided for in subheading 7206.10.00, 7206.90.00 or 7224.10.00 (except for statistical reporting number 7224.10.0045))"
"9903.81.80",,"section_232","all","","Free","","Iron or steel products of Japan, the United Kingdom, or of the European Union, where the steel was melted and poured in the United Kingdom enumerated in U.S. note 16 to this subchapter, when such prod"
"9903.81.81",,"section_232","all","","Free","","Iron or steel products described in subdivision (b) of note 16 to this subchapter that are melted and poured in a United Kingdom facility and are products of the member countries of the European Union"
"9903.81.82",,"section_232","all","","Free","","Iron or steel products described in subdivision (b) of note 16 to this subchapter that are melted and poured in Ukraine and are products of the member countries of the European Union enumerated in U.S"
"9903.81.83","0.25","section_232","all","","The duty provided in the applicable subheading + 25%","","Iron or steel products described in subdivision (b) of note 16 to this subchapter, when such goods are products of Ukraine and are not accompanied by certificates of origin"
"9903.81.84","0.25","section_232","all","","The duty provided in the applicable subheading + 25%","","Derivative iron or steel products enumerated in note 16(a)(ii) to this subchapter, when such goods are products of Ukraine and are not accompanied by certificates of origin"
"9903.81.85","0.25","section_232","all","","The duty provided in the applicable subheading + 25%","","Steel articles of Mexico enumerated in U.S. note 16 to this subchapter, where the steel was melted and poured in a country other than the United States, Mexico or Canada"
"9903.81.86","0.25","section_232","all","","The duty provided in the applicable subheading + 25%","","Derivative steel articles of Mexico enumerated in U.S. note 16 to this subchapter, where the steel was melted and poured in a country other than the United States, Mexico or Canada"
"9903.85.01","0.1","section_301","all_except","","The duty provided in the applicable subheading + 10%","The duty provided in the applicable subheading + 10%","Except for products described in heading 9903.85.03 or heading 9903.85.21, 9903.85.25, subheadings 9903.85.27 through 9903.85.44 and subheadings 9903.85.50 through 9903.85.66, products of aluminum pro"
"9903.85.03","0.1","section_301","all_except","","The duty provided in the applicable subheading + 10%","The duty provided in the applicable subheading + 10%","Derivative aluminum products enumerated in U.S. note 19(a)(iii) to this subchapter, except products of Argentina, of Australia, of Canada, of Mexico (except as specified in subdivision (a)(ix) of such"
"9903.85.05",,"section_301","all","","The duty provided in the applicable subheading","","Unwrought aluminum, provided for in heading 7601"
"9903.85.06",,"section_301","all","","The duty provided for in the applicable subheading","","Wrought aluminum, provided for in headings 7604, 7605, 7606, 7607, 7608, 7609 and castings and forgings of aluminum provided for in subheading 7616.99.51"
"9903.85.11",,"section_301","all","","The duty provided in the applicable subheading","","Goods granted relief from the application of quantitative limitation otherwise imposed in relation to subheadings 9903.85.05 and 9903.85.06, for any aluminum article determined by the Secretary not to"
"9903.85.21","0.1","section_301","all","","The duty provided in the applicable subheading + 10%","The duty provided in the applicable subheading + 10%","Aluminum products of Canada enumerated in U.S. note 19(a)(iv) to this subchapter"
"9903.85.25",,"section_301","all","","The duty provided in the applicable subheading","","Aluminum products of member countries of the European Union enumerated in U.S. note 19(a)(v) to this subchapter, when such products are covered by an exclusion granted by the Secretary of Commerce und"
"9903.85.27",,"section_301","all","","The duty provided in the applicable subheading","","Unwrought aluminum, not alloyed (provided for in subheading 7601.10.30 or 7601.10.60)"
"9903.85.29",,"section_301","all","","The duty provided in the applicable subheading","","Other unwrought products, alloyed (provided for in subheading 7601.20.30, 7601.20.60 or 7601.20.90)"
"9903.85.31",,"section_301","all","","The duty provided in the applicable subheading","","Bars, rods and profiles of aluminum, not alloyed (provided for in subheading 7604.10.10, 7604.10.30 or 7604.10.50)"
"9903.85.32",,"section_301","all","","The duty provided in the applicable subheading","","Hollow profiles of aluminum alloys (provided for in subheading 7604.21.00)"
"9903.85.33",,"section_301","all","","The duty provided in the applicable subheading","","Bars, rods, and solid profiles, alloyed (provided for in subheading 7604.29.10, 7604.29.30 or 7604.29.50)"
"9903.85.34",,"section_301","all","","The duty provided in the applicable subheading","","Wire of aluminum, of which the maximum cross-sectional dimension exceeds 7 mm (provided for in subheading 7605.11.00 or 7605.21.00)"
"9903.85.35",,"section_301","all","","The duty provided in the applicable subheading","","Other wire of aluminum (provided for in subheading 7605.19.00 or 7605.29.00)"
"9903.85.36",,"section_301","all","","The duty provided in the applicable subheading","","Products meeting the requirements of note 1(d) to this chapter and with a thickness of more than 6.3 mm (described in statistical reporting number 7606.11.3030, 7606.12.3015, 7606.12.3025, 7606.12.303"
"9903.85.37",,"section_301","all","","The duty provided in the applicable subheading","","Products meeting the requirements of note1(d) to this chapter and with a thickness not exceeding 6.3 mm (described in statistical reporting number 7606.11.3060, 7606.12.3091, 7606.12.3096, 7606.91.309"
"9903.85.38",,"section_301","all","","The duty provided in the applicable subheading","","Aluminum alloy can stock (described in statistical reporting number 7606.12.3045 or 7606.12.3055)"
"9903.85.39",,"section_301","all","","The duty provided in the applicable subheading","","Aluminum foil, not backed (described in statistical reporting number 7607.11.3000, 7607.11.6010, 7607.11.6090, 7607.11.9030, 7607.11.9060, 7607.11.9090, 7607.19.1000, 7607.19.3000 or 7607.19.6000)"
"9903.85.40",,"section_301","all","","The duty provided in the applicable subheading","","Aluminum foil, backed (described in statistical reporting number 7607.20.1000 or 7607.20.5000)"
"9903.85.41",,"section_301","all","","The duty provided in the applicable subheading","","Pipes and tubes of aluminum, seamless (described in statistical reporting number 7608.10.0030 or 7608.20.0030)"
"9903.85.42",,"section_301","all","","The duty provided in the applicable subheading","","Pipes and tubes of aluminum, other than seamless (described in statistical reporting number 7608.10.0090 or 7608.20.0090)"
"9903.85.43",,"section_301","all","","The duty provided in the applicable subheading","","Tube or pipe fittings of aluminum (for example, couplings, elbows, sleeves) (described in statistical reporting number 7609.00.0000)"
"9903.85.44",,"section_301","all","","The duty provided in the applicable subheading","","Castings or forgings of aluminum (described in statistical reporting number 7616.99.5160 or 7616.99.5170)"
"9903.85.50",,"section_301","all","","The duty provided in the applicable subheading","","Aluminum products of the United Kingdom, when such products are covered by an exclusion granted by the Secretary of Commerce under note 19(c) to this subchapter, provided that such goods shall be coun"
"9903.85.51",,"section_301","all","","The duty provided in the applicable subheading","","Unwrought aluminum, not alloyed (provided for in subheading 7601.10.30 or 7601.10.60)"
"9903.85.52",,"section_301","all","","The duty provided in the applicable subheading","","Other unwrought products, alloyed (provided for in subheading 7601.20.30, 7601.20.60 or       7601.20.90)"
"9903.85.53",,"section_301","all","","The duty provided in the applicable subheading","","Bars, rods and profiles of aluminum, not alloyed (provided for in subheading 7604.10.10, 7604.10.30 or 7604.10.50)"
"9903.85.54",,"section_301","all","","The duty provided in the applicable subheading","","Hollow profiles of aluminum alloys (provided for in subheading 7604.21.00)"
"9903.85.55",,"section_301","all","","The duty provided in the applicable subheading","","Bars, rods, and solid profiles, alloyed (provided for in subheading 7604.29.10, 7604.29.30 or 7604.29.50)"
"9903.85.56",,"section_301","all","","The duty provided in the applicable subheading","","Wire of aluminum, of which the maximum cross-sectional dimension exceeds 7 mm (provided for in subheading 7605.11.00 or 7605.21.00)"
"9903.85.57",,"section_301","all","","The duty provided in the applicable subheading","","Other wire of aluminum (provided for in subheading 7605.19.00 or 7605.29.00)"
"9903.85.58",,"section_301","all","","The duty provided in the applicable subheading","","Products meeting the requirements of note 1(d) to chapter 76 and with a thickness of more than 6.3 mm (described in statistical reporting number 7606.11.3030, 7606.12.3015, 7606.12.3025, 7606.12.3035,"
"9903.85.59",,"section_301","all","","The duty provided in the applicable subheading","","Products meeting the requirements of note 1(d) to chapter 76 and with a thickness of more than 6.3 mm (described in statistical reporting number 7606.11.3060, 7606.12.3091, 7606.12.3096, 7606.91.3095,"
"9903.85.60",,"section_301","all","","The duty provided in the applicable subheading","","Aluminum alloy can stock (described in statistical reporting number 7606.12.3045 or 7606.12.3055"
"9903.85.61",,"section_301","all","","The duty provided in the applicable subheading","","Pipes and tubes of aluminum, seamless (described in statistical reporting number 7608.10.0030 or 7608.20.0030)"
"9903.85.62",,"section_301","all","","The duty provided in the applicable subheading","","Pipes and tubes of aluminum, other than seamless (described in statistical reporting number 7608.10.0090 or 7608.20.0090)"
"9903.85.63",,"section_301","all","","The duty provided in the applicable subheading","","Tube or pipe fittings of aluminum (for example, couplings, elbows, sleeves) (described in statistical reporting number 7609.00.0000)"
"9903.85.64",,"section_301","all","","The duty provided in the applicable subheading","","Castings or forgings of aluminum (described in statistical reporting number 7616.99.5160 or 7616.99.5170"
"9903.85.65",,"section_301","all","","The duty provided in the applicable subheading","","Aluminum foil, not backed (described in statistical reporting number 7607.11.3000, 7607.11.6010, 7607.11.6090, 7607.11.9030, 7607.11.9060, 7607.11.9090, 7607.19.1000, 7607.19.3000 or 7607.19.6000)"
"9903.85.66",,"section_301","all","","The duty provided in the applicable subheading","","Aluminum foil, backed (described in statistical reporting number 7607.20.1000 or 7607.20.5000)"
"9903.85.67","2","section_301","all","","The duty provided in the applicable subheading + 200%","The duty provided in the applicable subheading + 200%","Aluminum articles that are the product of Russia, or where any amount of primary aluminum used in the manufacture of the aluminum articles is smelted in Russia, or where the aluminum articles are cast"
"9903.85.68","2","section_301","all","","The duty provided in the applicable subheading + 200%","The duty provided in the applicable subheading + 200%","Derivative aluminum articles that are products of Russia, or where any amount of primary aluminum used in the manufacture of the derivative articles is smelted in Russia, or where the derivative alumi"
"9903.85.69","2","section_301","all_except","","The duty provided in the applicable subheading + 200%","The duty provided in the applicable subheading + 200%","Except for goods provided for in heading 9903.85.67, aluminum articles that are the product of Russia, or where any amount of primary aluminum used in the manufacture of the aluminum articles is smelt"
"9903.85.70","2","section_301","all_except","","The duty provided in the applicable subheading + 200%","The duty provided in the applicable subheading + 200%","Except for goods provided for in heading 9903.85.68, derivative aluminum articles that are products of Russia, or where any amount of primary aluminum used in the manufacture of the derivative aluminu"
"9903.85.71","0.1","section_301","all","","The duty provided in the applicable subheading + 10%","","Aluminum articles of Mexico enumerated in U.S. note 19 to this subchapter, containing primary aluminum for which the primary country of smelt, secondary country of smelt, or country of most recent cas"
"9903.85.72","0.1","section_301","all","","The duty provided in the applicable subheading + 10%","","Derivative aluminum articles of Mexico enumerated in U.S. note 19(a)(iii) to this subchapter, containing primary aluminum for which the primary country of smelt, secondary country of smelt, or country"
"9903.88.01","0.25","section_301","specific","CN","The duty provided in the applicable subheading plus 25%","","Except as provided in headings 9903.88.05, 9903.88.06, 9903.88.07, 9903.88.08, 9903.88.10, 9903.88.11, 9903.88.14, 9903.88.19, 9903.88.50, 9903.88.52, 9903.88.58, 9903.88.60, 9903.88.62, 9903.88.66, 9"
"9903.88.02","0.25","section_301","specific","CN","The duty provided in the applicable subheading + 25%","","Except as provided in headings 9903.88.12, 9903.88.17, 9903.88.20, 9903.88.54, 9903.88.59, 9903.88.61, 9903.88.63, 9903.88.66, 9903.88.67, 9903.88.68, 9903.88.69, or 9903.88.70, articles the product o"
"9903.88.03","0.25","section_301","specific","CN","The duty provided in the applicable subheading + 25%","","Except as provided in headings 9903.88.13, 9903.88.18, 9903.88.33, 9903.88.34, 9903.88.35, 9903.88.36, 9903.88.37, 9903.88.38, 9903.88.40, 9903.88.41, 9903.88.43, 9903.88.45, 9903.88.46, 9903.88.48, 9"
"9903.88.04","0.25","section_301","specific","CN","The duty provided in the applicable subheading + 25%","","Except as provided in headings 9903.88.33, 9903.88.34, 9903.88.36, 9903.88.37, 9903.88.38, 9903.88.40, 9903.88.46, 9903.88.48, 9903.88.56, 9903.88.64, 9903.88.66, 9903.88.67, or 9903.88.69, articles t"
"9903.88.05",,"section_301","specific","CN","The duty provided in the applicable subheading","","Articles the product of China, as provided for in U.S. note 20(h) to this subchapter, each covered by an exclusion granted by the U.S. Trade Representative"
"9903.88.06",,"section_301","specific","CN","The duty provided in the applicable subheading","","Articles the product of China, as provided for in U.S. note 20(i) to this subchapter, each covered by an exclusion granted by the U.S. Trade Representative"
"9903.88.07",,"section_301","specific","CN","The duty provided in the applicable subheading","","Articles the product of China, as provided for in U.S. note 20(j) to this subchapter, each covered by an exclusion granted by the U.S. Trade Representative"
"9903.88.08",,"section_301","specific","CN","The duty provided in the applicable subheading","","Articles the product of China, as provided for in U.S. note 20(k) to this subchapter, each covered by an exclusion granted by the United States Trade Representative"
"9903.88.09","0.1","section_301","specific","CN","The duty provided in the applicable subheading + 10%","","Articles the product of China, as provided for in U.S. note 20(l) to this subchapter and as provided for in the subheadings enumerated in U.S. notes 20(f) or 20(g) to this subchapter, if exported to t"
"9903.88.10",,"section_301","specific","CN","The duty provided in the applicable subheading","","Articles the product of China, as provided for in U.S. note 20(m) to this subchapter, each covered by an exclusion granted by the U.S. Trade Representative"
"9903.88.11",,"section_301","specific","CN","The duty provided in the applicable subheading","","Articles the product of China, as provided for in U.S. note 20(n) to this subchapter, each covered by an exclusion granted by the U.S. Trade Representative"
"9903.88.12",,"section_301","specific","CN","The duty provided in the applicable subheading","","Articles the product of China, as provided for in U.S. note 20(o) to this subchapter, each covered by an exclusion granted by the U.S. Trade Representative"
"9903.88.13",,"section_301","specific","CN","The duty provided in the applicable subheading","","Articles the product of China, as provided for in U.S. note 20(p) to this subchapter, each covered by an exclusion granted by the U.S. Trade Representative"
"9903.88.14",,"section_301","specific","CN","The duty provided in the applicable subheading","","Articles the product of China, as provided for in U.S. note 20(q) to this subchapter, each covered by an exclusion granted by the U.S. Trade Representative"
"9903.88.15","0.075","section_301","specific","CN","The duty provided in the applicable subheading + 7.5%","","Except as provided in headings 9903.88.39, 9903.88.42, 9903.88.44, 9903.88.47, 9903.88.49, 9903.88.51, 9903.88.53, 9903.88.55, 9903.88.57, 9903.88.65, 9903.88.66, 9903.88.67, 9903.88.68, or 9903.88.69"
"9903.88.16","0.15","section_301","specific","CN","The duty provided in the applicable subheading + 15%","","Articles the product of China, as provided for in U.S. note 20(t) to this subchapter and as provided for in the subheadings enumerated in U.S. note 20(u) [Compiler's note: provision suspended.]"
"9903.88.17",,"section_301","specific","CN","The duty provided in the applicable subheading","","Articles the product of China, as provided for in U.S. note 20(v) to this subchapter, each covered by an exclusion granted by the U.S. Trade Representative"
"9903.88.18",,"section_301","specific","CN","The duty provided in the applicable subheading","","Articles the product of China, as provided for in U.S. note 20(w) to this subchapter, each covered by an exclusion granted by the U.S. Trade Representative"
"9903.88.19",,"section_301","specific","CN","The duty provided in the applicable subheading","","Articles the product of China, as provided for in U.S. note 20(x) to this subchapter, each covered by an exclusion granted by the U.S. Trade Representative"
"9903.88.20",,"section_301","specific","CN","The duty provided in the applicable subheading","","Articles the product of China, as provided for in U.S. note 20(y) to this subchapter, each covered by an exclusion granted by the U.S. Trade Representative"
"9903.88.21",,"section_301","specific","CN","The duty provided in the applicable subheading","","Articles the product of China, as provided for in U.S. note 20(z) to this subchapter"
"9903.88.22",,"section_301","specific","CN","The duty provided in the applicable subheading","","Articles the product of China, as provided for in U.S. note 20(aa) to this subchapter"
"9903.88.23",,"section_301","specific","CN","The duty provided in the applicable subheading","","Articles the product of China, as provided for in U.S. note 20(bb) to this subchapter"
"9903.88.24",,"section_301","specific","CN","The duty provided in the applicable subheading","","Articles the product of China, as provided for in U.S. note 20(cc) to this subchapter"
"9903.88.25",,"section_301","specific","CN","The duty provided in the applicable subheading","","Articles the product of China, as provided for in U.S. note 20(dd) to this subchapter"
"9903.88.26",,"section_301","specific","CN","The duty provided in the applicable subheading","","Articles the product of China, as provided for in U.S. note 20(ee) to this subchapter"
"9903.88.27",,"section_301","specific","CN","The duty provided in the applicable subheading","","Articles the product of China, as provided for in U.S. note 20(ff) to this subchapter"
"9903.88.28",,"section_301","specific","CN","The duty provided in the applicable subheading","","Articles the product of China, as provided for in U.S. note 20(gg) to this subchapter"
"9903.88.33",,"section_301","specific","CN","The duty provided in the applicable subheading","","Articles the product of China, as provided for in U.S. note 20(ll) to this subchapter, each covered by an exclusion granted by the U.S. Trade Representative"
"9903.88.34",,"section_301","specific","CN","The duty provided in the applicable subheading","","Articles the product of China, as provided for in U.S. note 20(mm) to this subchapter, each covered by an exclusion granted by the U.S. Trade Representative"
"9903.88.35",,"section_301","specific","CN","The duty provided in the applicable subheading","","Articles the product of China, as provided for in U.S. note 20(nn) to this subchapter, each covered by an exclusion granted by the U.S. Trade Representative"
"9903.88.36",,"section_301","specific","CN","The duty provided in the applicable subheading","","Articles the product of China, as provided for in U.S. note 20(oo) to this subchapter, each covered by an exclusion granted by the U.S. Trade Representative"
"9903.88.37",,"section_301","specific","CN","The duty provided in the applicable subheading","","Articles the product of China, as provided for in U.S. note 20(pp) to this subchapter, each covered by an exclusion granted by the U.S. Trade Representative"
"9903.88.38",,"section_301","specific","CN","The duty provided in the applicable subheading","","Articles the product of China, as provided for in U.S. note 20(qq) to this subchapter, each covered by an exclusion granted by the U.S. Trade Representative"
"9903.88.39",,"section_301","specific","CN","The duty provided in the applicable subheading","","Articles the product of China, as provided for in U.S. note 20(rr) to this subchapter, each covered by an exclusion granted by the U.S. Trade Representative"
"9903.88.40",,"section_301","specific","CN","The duty provided in the applicable subheading","","Articles the product of China, as provided for in U.S. note 20(ss) to this subchapter, each covered by an exclusion granted by the U.S. Trade Representative"
"9903.88.41",,"section_301","specific","CN","The duty provided in the applicable subheading","","Articles the product of China, as provided for in U.S. note 20(tt) to this subchapter, each covered by an exclusion granted by the U.S. Trade Representative"
"9903.88.42",,"section_301","specific","CN","The duty provided in the applicable subheading","","Articles the product of China, as provided for in U.S. note 20(uu) to this subchapter, each covered by an exclusion granted by the U.S. Trade Representative"
"9903.88.43",,"section_301","specific","CN","The duty provided in the applicable subheading","","Articles the product of China, as provided for in U.S. note 20(vv) to this subchapter, each covered by an exclusion granted by the U.S. Trade Representative"
"9903.88.44",,"section_301","specific","CN","The duty provided in the applicable subheading","","Articles the product of China, as provided for in U.S. note 20(ww) to this subchapter, each covered by an exclusion granted by the U.S. Trade Representative"
"9903.88.45",,"section_301","specific","CN","The duty provided in the applicable subheading","","Articles the product of China, as provided for in U.S. note 20(xx) to this subchapter, each covered by an exclusion granted by the U.S. Trade Representative"
"9903.88.46",,"section_301","specific","CN","The duty provided in the applicable subheading","","Articles the product of China, as provided for in U.S. note 20(yy) to this subchapter, each covered by an exclusion granted by the U.S. Trade Representative"
"9903.88.47",,"section_301","specific","CN","The duty provided in the applicable subheading","","Articles the product of China, as provided for in U.S. note 20(zz) to this subchapter, each covered by an exclusion granted by the U.S. Trade Representative"
"9903.88.48",,"section_301","specific","CN","The duty provided in the applicable subheading","","Articles the product of China, as provided for in U.S. note 20(aaa) to this subchapter, each covered by an exclusion granted by the U.S. Trade Representative"
"9903.88.49",,"section_301","specific","CN","The duty provided in the applicable subheading","","Articles the product of China, as provided for in U.S. note 20(bbb) to this subchapter, each covered by an exclusion granted by the U.S. Trade Representative"
"9903.88.50",,"section_301","specific","CN","The duty provided in the applicable subheading","","Effective with respect to entries on or after June 4, 2020, and through December 31, 2020, articles the product of China, as provided for in U.S. note 20(ccc) to this subchapter, each covered by an ex"
"9903.88.51",,"section_301","specific","CN","The duty provided in the applicable subheading","","Articles the product of China, as provided for in U.S. note 20(ddd) to this subchapter, each covered by an exclusion granted by the U.S. Trade Representative"
"9903.88.52",,"section_301","specific","CN","The duty provided in the applicable subheading","","Effective with respect to entries on or after July 9, 2020, and through December 31, 2020, articles the product of China, as provided for in U.S. note 20(eee) to this subchapter, each covered by an ex"
"9903.88.53",,"section_301","specific","CN","The duty provided in the applicable subheading","","Articles the product of China, as provided for in U.S. note 20(fff) to this subchapter, each covered by an exclusion granted by the U.S. Trade Representative"
"9903.88.54",,"section_301","specific","CN","The duty provided in the applicable subheading","","Effective with respect to entries on or after July 31, 2020, and through December 31, 2020, articles the product of China, as provided for in U.S. note 20(ggg) to this subchapter, each covered by an e"
"9903.88.55",,"section_301","specific","CN","The duty provided in the applicable subheading","","Articles the product of China, as provided for in U.S. note 20(hhh) to this subchapter, each covered by an exclusion granted by the U.S. Trade Representative"
"9903.88.56",,"section_301","specific","CN","The duty provided in the applicable subheading","","Effective with respect to entries on or after August 7, 2020, and through December 31, 2020, articles the product of China, as provided for in U.S. note 20(iii) to this subchapter, each covered by an "
"9903.88.57",,"section_301","specific","CN","The duty provided in the applicable subheading","","Effective with respect to entries on or after September 1, 2020, and through December 31, 2020, articles the product of China, as provided for in U.S. note 20(jjj) to this subchapter, each covered by "
"9903.88.58",,"section_301","specific","CN","The duty provided in the applicable subheading","","Effective with respect to entries on or after September 20, 2020, and through December 31, 2020, articles the product of China, as provided for in U.S. note 20(kkk) to this subchapter, each covered by"
"9903.88.59",,"section_301","specific","CN","The duty provided in the applicable subheading","","Effective with respect to entries on or after September 20, 2020, and through December 31, 2020, articles the product of China, as provided for in U.S. note 20(lll) to this subchapter, each covered by"
"9903.88.60",,"section_301","specific","CN","The duty provided in the applicable subheading","","Effective with respect to entries on or after October 2, 2020, and through December 31, 2020, articles the product of China, as provided for in U.S. note 20(mmm) to this subchapter, each covered by an"
"9903.88.61",,"section_301","specific","CN","The duty provided in the applicable subheading","","Effective with respect to entries on or after October 2, 2020, and through December 31, 2020, articles the product of China, as provided for in U.S. note 20(nnn) to this subchapter, each covered by an"
"9903.88.62",,"section_301","specific","CN","The duty provided in the applicable subheading","","Effective with respect to entries on or after January 1, 2021, and through November 30, 2021, articles the product of China, as provided for in U.S. note 20(ooo) to this subchapter, each covered by an"
"9903.88.63",,"section_301","specific","CN","The duty provided in the applicable subheading","","Effective with respect to entries on or after January 1, 2021, and through November 30, 2021, articles the product of China, as provided for in U.S. note 20(ppp) to this subchapter, each covered by an"
"9903.88.64",,"section_301","specific","CN","The duty provided in the applicable subheading","","Effective with respect to entries on or after January 1, 2021, and through November 30, 2021, articles the product of China, as provided for in U.S. note 20(qqq) to this subchapter, each covered by an"
"9903.88.65",,"section_301","specific","CN","The duty provided in the applicable subheading","","Effective with respect to entries on or after January 1, 2021, and through November 30, 2021, articles the product of China, as provided for in U.S. note 20(rrr) to this subchapter, each covered by an"
"9903.88.66",,"section_301","specific","CN","The duty provided in the applicable subheading","","Effective with respect to entries on or after December 1, 2021, and before June 1, 2023, articles the product of China, as provided for in U.S. note 20(sss) to this subchapter, each covered by an excl"
"9903.88.67",,"section_301","specific","CN","The duty provided in the applicable subheading","","Effective with respect to entries on or after October 12, 2021 and through June 14, 2024, articles the product of China, as provided for in U.S. note 20(ttt) to this subchapter, each covered by an exc"
"9903.88.68",,"section_301","specific","CN","The duty provided in the applicable subheading","","Effective with respect to entries on or after June 1, 2023, and before June 15, 2024, articles the product of China, as provided for in U.S. note 20(uuu) to this subchapter, each covered by an exclusi"
"9903.88.69",,"section_301","specific","CN","The duty provided in the applicable subheading","","Effective with respect to entries on or after June 15, 2024 and through May 31, 2025, articles the product of China, as provided for in U.S. note 20(vvv) to this subchapter, each covered by an exclusi"
"9903.88.70",,"section_301","specific","CN","The duty provided in the applicable subheading","","Effective with respect to entries on or after January 1, 2024, and before June 1, 2025, articles the product of China, as provided in U.S. note 20(www) to this subchapter, each covered by an exclusion"
"9903.89.05","0.15","section_301","all","","The duty provided in the applicable subheading + 15%","","New airplanes and other new aircraft, as defined in U.S. note 21(b) to this subchapter (other than military airplanes or other military aircraft), of an unladen weight exceeding 30,000 kg (described i"
"9903.89.07",,"section_301","all","","The duty provided in the applicable subheading","","Airplanes and other aircraft, of an unladen weight exceeding 15,000 kg (provided for in subheading 8802.40.00), the foregoing not described in subheading 9903.89.05"
"9903.89.10","0.25","section_301","all","","The duty provided in the applicable subheading + 25%","","Provided for in the subheadings enumerated in U.S. note 21(c) to this subchapter"
"9903.89.13","0.25","section_301","all","","The duty provided in the applicable subheading + 25%","","Provided for in subheadings enumerated in U.S. note 21(d) to this subchapter"
"9903.89.16","0.25","section_301","all","","The duty provided in the applicable subheading + 25%","","Provided for in subheadings enumerated in U.S. note 21(e) to this subchapter"
"9903.89.19","0.25","section_301","all","","The duty provided in the applicable subheading + 25%","","Provided for in subheadings enumerated in U.S. note 21(f) to this subchapter"
"9903.89.22","0.25","section_301","all","","The duty provided in the applicable subheading + 25%","","Provided for in subheadings enumerated in U.S. note 21(g) to this subchapter"
"9903.89.25","0.25","section_301","all","","The duty provided in the applicable subheading + 25%","","Provided for in subheadings enumerated in U.S. note 21(h) to this subchapter"
"9903.89.28","0.25","section_301","all","","The duty provided in the applicable subheading + 25%","","Provided for in subheadings enumerated in U.S. note 21(i) to this subchapter"
"9903.89.31","0.25","section_301","all","","The duty provided in the applicable subheading + 25%","","Provided for in subheadings enumerated in U.S. note 21(j) to this subchapter"
"9903.89.34","0.25","section_301","all","","The duty provided in the applicable subheading + 25%","","Provided for in subheadings enumerated in U.S. note 21(k) to this subchapter"
"9903.89.37","0.25","section_301","all","","The duty provided in the applicable subheading + 25%","","Provided for in subheadings enumerated in U.S. note 21(l) to this subchapter"
"9903.89.40","0.25","section_301","all","","The duty provided in the applicable subheading + 25%","","Provided for in subheadings enumerated in U.S. note 21(m) to this subchapter"
"9903.89.43","0.25","section_301","all","","The duty provided in the applicable subheading + 25%","","Provided for in subheadings enumerated in U.S. note 21(n) to this subchapter"
"9903.89.46","0.25","section_301","all","","The duty provided in the applicable subheading + 25%","","Provided for in subheadings enumerated in U.S. note 21(o) to this subchapter"
"9903.89.49","0.25","section_301","all","","The duty provided in the applicable subheading + 25%","","Provided for in subheadings enumerated in U.S. note 21(p) to this subchapter"
"9903.89.50",,"section_301","all","","The duty provided in the applicable subheading","","Irish and Scotch Whiskies (provided for in subheading 2208.30.30), the foregoing not described in subheading 9903.89.49"
"9903.89.52","0.25","section_301","all","","The duty provided in the applicable subheading + 25%","","Provided for in subheadings enumerated in U.S. note 21(q) to this subchapter"
"9903.89.55","0.25","section_301","all","","The duty provided inthe applicable subheading+ 25%","","Provided for in subheadings enumerated in U.S. note 21(r) to this subchapter"
"9903.89.57","0.25","section_301","all","","The duty provided in the applicable subheading + 25%","","Provided for in subheadings enumerated in U.S. note 21(s) to this subchapter"
"9903.89.59",,"section_301","all","","The duty provided in the applicable subheading","","Spirits obtained by distilling grape wine or grape marc (grape brandy), other than Pisco and Singani, in containers each holding not over 4 liters, valued over $3.43/liter (provided for in subheading "
"9903.89.61","0.15","section_301","all","","The duty provided in the applicable subheading + 15%","","Fuselages and fuselage sections, wings and wing assemblies (other than wings having exterior surfaces of carbon composite material), horizontal stabilizers, and vertical stabilizers as defined in U.S."
"9903.89.63",,"section_301","all","","The duty provided in the applicable subheading","","Other parts of airplanes or helicopters (provided for [described]in statistical reporting number 8803.30.0030), the foregoing not described [provided for]in subheading 9903.89.61"
"9903.90.08","0.35","ieepa","specific","RU","","35%","Articles the product of the Russian Federation, as provided for in U.S. note 30(a) to this subchapter and as provided for in the subheadings enumerated in U.S. note 30(b) to this subchapter"
"9903.90.09","0.7","ieepa","specific","RU","","70%","Articles the product of the Russian Federation, as provided for in U.S. note 30(c) to this subchapter and as provided for in the subheadings enumerated in U.S. note 30(d) to this subchapter"
"9903.91.01","0.25","ieepa","specific","CN","The duty provided in the applicable subheading + 25%","","Effective with respect to entries on or after September 27, 2024, articles the product of China, as provided for in subdivision (b) of U.S. note 31 to this subchapter"
"9903.91.02","0.5","ieepa","specific","CN","The duty provided in the applicable subheading + 50%","","Effective with respect to entries on or after September 27, 2024, articles the product of China, as provided for in subdivision (c) of U.S. note 31 to this subchapter"
"9903.91.03","1","ieepa","specific","CN","The duty provided in the applicable subheading + 100%","","Except as provided in heading 9903.91.10, effective with respect to entries on or after September 27, 2024, articles the product of China, as provided for in subdivision (d) of U.S. note 31 to this su"
"9903.91.04","0.25","ieepa","specific","CN","The duty provided in the applicable subheading + 25%","","Effective with respect to entries on or after January 1, 2025, and before January 1, 2026, articles the product of China, as provided for in subdivision (e) of U.S. note 31 to this subchapter"
"9903.91.05","0.5","ieepa","specific","CN","The duty provided in the applicable subheading + 50%","","Effective with respect to entries on or after January 1, 2025, articles the product of China, as provided for in subdivision (f) of U.S. note 31 to this subchapter"
"9903.91.06","0.25","ieepa","specific","CN","The duty provided in the applicable subheading + 25%","","Effective with respect to entries on or after January 1, 2026, articles the product of China, as provided for in subdivision (g) of U.S. note 31 to this subchapter"
"9903.91.07","0.5","ieepa","specific","CN","The duty provided in the applicable subheading + 50%","","Effective with respect to entries on or after January 1, 2026, articles the product of China, as provided for in subdivision (h) of U.S. note 31 to this subchapter"
"9903.91.08","1","ieepa","specific","CN","The duty provided in the applicable subheading + 100%","","Effective with respect to entries on or after January 1, 2026, articles the product of China, as provided for in subdivision (i) of U.S. note 31 to this subchapter"
"9903.91.09",,"ieepa","specific","CN","The duty provided in the applicable subheading","","Notwithstanding subheading 9903.92.10, effective with respect to entries, on or after September 27, 2024, of ship-to-shore gantry cranes, configured as a high- or low-profile steel superstructure and "
"9903.91.10",,"ieepa","all","","The duty provided in the applicable subheading","","Notwithstanding heading 9903.91.03, effective with respect to entries of enteral syringes, of China, on or after September 27, 2024, and before January 1, 2026 (described in statistical reporting numb"
"9903.91.11","0.25","ieepa","specific","CN","The duty provided in the applicable subheading + 25%","","Effective with respect to entries on or after January 1, 2025, articles the product of China, as provided for in subdivision (j) of U.S. note 31 to this subchapter"
"9903.92",,"ieepa","specific","CN","","","Effective with respect to entries, on or after September 27, 2024, of overhead traveling cranes, transporter cranes, gantry cranes, bridge cranes and mobile lifting frames, other than overhead traveli"
"9903.92.10","0.25","ieepa","all","","The duty provided in the applicable subheading + 25%","","Except as provided in heading 9903.91.09, ship-to-shore gantry cranes, configured as a high- or low-profile steel superstructure and designed to unload intermodal containers from vessels with coupling"
"9903.92.80",,"ieepa","all","","The duty provided in the applicable subheading","","Other (provided for in subheading 8426.19.00)"
